id,title,description,fullname,email
1,Медицина бігати збільшуватися.,Заробити тривога рідкий кут вибирати. Дівка житель червонй виражений тривога надати рота.,Оніщук Леонід Микитович,serhiiivashchenko@example.com
6,ПодвірʼЯ боєць.,Загроза століття тисяча порада шолом. Розкішний команда лапа рішення серйозний безглуздий мить.,Артем Терещенко,markoshakhrai@example.com
7,Рідкий близько зловити.,Мигнути потрясти яблуко нога червʼяк. Неправда яскраво легко. Діловий звільнення відповідність танцювати настати намір пані.,Марко Черінько,kyrylokhrystych@example.com
9,Затягнутися провінція набір.,Житель шкарпетка угодний. Купа навряд здригнутися квапливий. Крутий порада трубка факультет.,пан Юхим Макогон,kostiantyn93@example.com
10,Домогтися господь.,"Настати незвичний міркування нога. Тьмяний навіщо друкувати.
Інвалід підлога мільярд редактор. Означати збільшуватися потім палиця прем'єра підлога бок.",Пилип Аронець,pavlodanylchuk@example.com
11,Тривога хотіти занадто.,"Виражений тривога точно важкий нестерпний набір. Заява тута бетонний міркування скинути шолом їсти. Вітрина а тьмяний плід адже.
Помовчати ґаздиня спорт увійти палець поява теорія.",пан Ілля Гайдабура,derkacholes@example.com
13,Скинути.,"Даль виконувати незручно рідкий.
Вскакивать колишній чітко тута прихований провал залучати бок. О виникнення черговий.",пан Ілля Гайдабура,derkacholes@example.com
17,Місце простір.,Правління нарада рис звільнити. Збільшуватися командир присвятити знищення різноманітний направо.,Святослав Колісниченко,nadiia84@example.com
21,Робочий недолік холодно.,Інфекція пастух гіркий єврейський палиця порода коричневий. Знищення забирати гуляти темніти виражений потрясти основа.,Євген Стельмах,aronetsillia@example.com
22,Летіти команда.,"Розуміти рот порада труп знімати раніше кидати. Пропаганда падаль упустити. Радість мигнути виблискувати бок.
Незручно салон пити здригатися нога зміна болото. Плавно метелик диявол байдужий суглоб.",Марія Притула,cdemydenko@example.com
23,Шкіра інший.,Заплакати один нарада демократія радити вовк.,Пилип Таран,oleksa92@example.com
24,Кишеня досліджено аж.,Аж скинути робочий сонце аж крутий. Художній поїзд метелик витримати відповісти сміливий. Міф жорстокий єврейський інструкція домогтися синок хлопець безглуздий.,Зорян Ватаманюк,valentyn96@example.com
25,Висіти гуляти зарплата.,Написати угодний гроші через природа бригада. Й інфекція серйозний важкий олівець соціалістичний вскакивать. Недолік падати дружно наступати місце черевик мить розкішний.,Марко Ґерета,valentynashcherbak@example.com
27,Набір редактор темніти.,Блін ніч й заклад здригнутися казна-хто. Число падаль хід монета природа. Метелик обуритися труп зрозумілий метелик.,Геннадій Скопенко,ctelychenko@example.com
28,Благати факультет безпорадний.,Промовчати вітрина інвалід бак поїзд число. Виконувати плід спасти більше звільнити здалеку.,Артем Терещенко,markoshakhrai@example.com
29,Хліб ланцюжок натиснути.,"Неправда затримати дихання пити. Вітати століття вибирати закласти.
Незручно самостійно мить лягати прихований струмок.",Валерій Колесниченко,rhaidabura@example.com
32,Бок виднітися вибирати.,"Програміст каюта здалеку розкішний щастя чітко. Метал розстебнути степ рис.
Бігати приятель вмирати секунда радити. Вечір ефект космос.",Палій Оксенія Володимирівна,nmakarenko@example.com
35,Гуляти слати.,Зрідка подробиця коричневий кора картинка. Слати пристрасть ґазда рішення деякий здригатися термін кидати. Намір несподіваний аналіз даль.,Альбіна Атрощенко,azhazhales@example.com
36,Порт решітка.,А забирати прірва господь зрідка грати. Сумний друкувати даль мимо червʼяк правий присвятити.,Євген Стельмах,aronetsillia@example.com
37,Олівець картинка.,Метал матерія роса. Ленінград палець головний легко висіти плід пірʼя. Вітрина спорт бетонний художній помовчати медицина інший прелесть.,пан Юхим Макогон,kostiantyn93@example.com
39,Яскраво світило услати.,Помовчати падати серйозний зарплата метал здалеку. Від'Їзд провал написати жити наступати шолом хід.,Оксана Засядько,dubynapriska@example.com
43,Занадто полум'я.,"Темніти керівник секунда суглоб.
Термін господиня метелик незвичний повністю жити. Прихований кордон ліворуч інший гіркий розкішний близько.",Вікторія Акуленко,adamprotsenko@example.com
44,Командування адвокат лягати командир.,Байдужий дихання склянка заява триста. Підлога пісенька засунути даль потягнутися. Перебивати витягувати пити за вітрина лівий чотири.,Палій Оксенія Володимирівна,nmakarenko@example.com
47,Мільярд занадто лапа.,Склянка мільярд наступати господиня. Мимо розстебнути ліхтарик кільце пробувати угодний інвалід.,Артем Терещенко,markoshakhrai@example.com
48,Ленінград команда простір.,"Білизна що-небудь дрібниця черговий дорогий пристрасть.
Що метелик зупинити розстебнути ламати. Степ наступати камінчик падаль пристрій триста багряний заклик.",Артем Терещенко,markoshakhrai@example.com
51,Поява.,"Можливо встати валюта спалити. Мільярд вчений гроші банк.
Бажання палата чотири присвятити. Взагалі спорт гіркий міра.",Зорян Ватаманюк,valentyn96@example.com
52,Інфекція співрозмовник.,Терапія армійський зелений заборонити брову заклад квапливий слати. Соціалістичний самостійно вчений.,Марко Черінько,kyrylokhrystych@example.com
55,При житель.,"Керівник образа ставити від'їзд. Сміття конструкція кпсс шкіра неправда несподіваний.
Зрідка повністю століття даль новий квапливий. Військовий вчений товар мільярд скинути. Й постійний видимо.",Марія Притула,cdemydenko@example.com
56,Військовий.,"Несподівано адвокат народ розуміти. Спалити подробиця число знаходити рішення деякий сумнівний.
Термін порівняння плід порівняння темніти монета дорогий академік.",пан Ілля Гайдабура,derkacholes@example.com
57,Зрідка.,Редактор іспит природний знімати соціалістичний поріг приятель світило. Порт рішення світило хата олівець безглуздий епоха. Командир танцювати черговий.,Геннадій Скопенко,ctelychenko@example.com
59,Потрясти боєць.,Голубчик услати ручка пропаганда. Хата кільце блискучий сміливий здригнутися відзначити червонй. Несподіваний протягувати штаб гіркий заборонити чотири спорт.,Марко Ґерета,valentynashcherbak@example.com
61,Деякий жорстокий ставити.,Рідкий падаль близько яблуко ґаздиня раніше. Демократія шкіра інфекція.,Максим Євтушок,aleksiuksvitlana@example.com
62,Термін помовчати.,Житель правий присісти. Комунізм написати реклама прощення вечір приходити.,Гаврило Терещук,amvrosii37@example.com
66,Неправда збільшуватися благати.,"Направо незвичайний космос направо самостійно.
Художній здалеку спосіб. Гіркий закласти розкішний збудження бетонний радість. Мимо перебивати академік вчора червонй палець.",Прокопович Віра Устимівна,opanasbaranets@example.com
70,Вигнати сміття.,"Реклама ленінград фахівець хід болісно так. Болото незручно скинути штаб медицина світило. Ґаздиня слати серйозний ніж колишній бетонний.
Польовий занадто кпсс образа. Народ конструкція інвалід.",пан Валентин Андрусенко,okhrymovychsolomiia@example.com
93,Кордон бігати кпсс хліб.,Черговий вигнати решітка інтернет мигнути уникати яскраво. Тута метал світило метал діловий.,Валерій Колесниченко,rhaidabura@example.com
75,Натиснути конструкція.,"Єврейський повністю тривога провал. Світило кидати мʼята блін. Коричневий трубка кишеня монета знаходити.
Зупинити демократія надати набір почуття зупинити.",Євген Стельмах,aronetsillia@example.com
79,Степ полюбити щастя.,Упустити комунізм командування бігати. Секунда зарплата бригада несподіваний зображати присісти ніч. Рішення тютюн прихований страта військовий.,Валерій Колесниченко,rhaidabura@example.com
80,Співати білизна.,Оборот конференція точно монета дрібниця польовий. Міра роса прощення головка тривога.,Валентин Давиденко,iarema77@example.com
82,Угодний житель команда.,Натиснути тьмяний навряд число командувач заклад. Ламати перетнути купа провінція затягнутися недолік. Зелений небезпека різноманітний бетонний хлопець вскакивать роса.,Тимофій Назаренко,hryhoriivenhrynovych@example.com
88,Вітати взагалі народ.,"Дорогий пастух єврейський казна-хто бочок оборот монета будівництво.
Радість пісня їсти нарада неправда.",Марко Ґерета,valentynashcherbak@example.com
89,Ланцюжок передо.,"Пані покоління єврейський. Єдиний розгубитися камінчик салон настати. Вітрина розводити палата міркування плавно червень.
Художній помовчати товар. Угодний прошепотіти кут низький прохід.",Оксана Засядько,dubynapriska@example.com
91,Решітка процес наштовхнутися.,"Раніше дорогий бажання виднітися безпорадний мигнути. Занадто занадто простір вигнати надати каюта.
Плавно ідея точно прелесть тьмяний спорт. Настати забирати при крутий мимо заява.",Марія Притула,cdemydenko@example.com
94,Перетнути несподіваний.,Ліворуч повністю ідея присвятити рис армійський розлад. Інструкція синок сонце. Лапа бочок досліджено.,пан Ілля Гайдабура,derkacholes@example.com
95,Салон потім функція загроза.,Адвокат безглуздий летіти пропаганда яблуко бажання ланцюжок сумнівний. Різноманітний адвокат вибирати покидати постійний п'ятеро більше. Заклад триста полум'я палець ліворуч гіркий.,Альбіна Атрощенко,azhazhales@example.com
96,Монета інший торгівля.,Міра ґудзик направо прихований встати домогтися.,Оксана Засядько,dubynapriska@example.com
97,Спосіб.,Означати точно художній ефект головка. Поїзд що-небудь знімати порт закласти.,пан Валентин Андрусенко,okhrymovychsolomiia@example.com
98,Новий пити палиця слати.,Армійський рис ковзати гроші. Бригада мотоцикл більше вчора. Решітка здригатися дівка ліхтарик рідкий художній.,Євген Стельмах,aronetsillia@example.com
100,Прощення банк полум'я здригнутися.,Ліхтарик процес падати серйозний прихований здригнутися. Колектив танцювати навряд дальній байдужий ремінь черевик.,Оніщук Леонід Микитович,serhiiivashchenko@example.com
101,Ґудзик червонй.,Через інфекція а лапа юний зелений купа. Полум'Я перетнути правління. Спорт вітрина заробити мати в'язниця рідкий кора князь.,пан Ілля Гайдабура,derkacholes@example.com
105,Валюта навряд пастух.,Безпорадний ліловий інший каюта натиснути. Брову падаль їжа метал оборот труп пробувати.,Ілля Цушко,marianaartymyshyn@example.com
108,Число покинути метал.,Так багряний залучати порт уникати набір постійний. Теорія покинути упор який. Обуритися поставити кордон вмирати дрімати мʼята підкинути.,Гаврило Терещук,amvrosii37@example.com
109,Збільшуватися перед керівник.,Заробити промовчати палець порівняння народ зима. Район ґазда вітрина танцювати мати академік. Страта й адвокат.,Геннадій Скопенко,ctelychenko@example.com
110,Ставити олівець пісенька.,"Ремінь рот функція порода конструкція очко поріг. Медицина суглоб робочий упор черговий перебивати.
Порт збільшуватися благати. Друкувати решітка єдиний простір вчений самостійно прелесть.",Тимофій Назаренко,hryhoriivenhrynovych@example.com
114,Призначити нарада неправда.,Соціалістичний через квапливий боєць вивчити висіти шкільний. Прем'Єра насолода дихання мотоцикл.,Азар Кальченко,tychynavira@example.com
116,Несподівано взагалі.,Витримати салон прелесть чоловічок дрімати перебивати. Летіти гроші художній червень нога призначити наполегливо. Порівняння провінція академік будівництво крутий услати степ наступати.,Валентин Давиденко,iarema77@example.com
118,Купа танцювати низький запустити.,Сміливий художній діловий брову район. Гараж метелик редактор намір розвернутися. Мета розстебнути товар сумний бок незвичний виблискувати.,пан Симон Євтушок,hannadurdynets@example.com
119,Товар несподіваний спорт.,Прихований ліловий тьмяний червень ніч. Трясти прихований здалеку народ. Картинка боєць написати чоловічок вперед зелений конструкція. Сумний сонце який єдиний чітко підземний покоління.,Марко Черінько,kyrylokhrystych@example.com
121,Незвичний функція.,Доба дихання вскакивать конференція спалити покинути. Трубка прем'єра зарплата радість обуритися.,пан Валентин Андрусенко,okhrymovychsolomiia@example.com
123,Художній ліворуч.,"Болісно засунути провал похорон.
Діловий комунізм приятель тютюн означати. Художній витягувати плід. Черговий порт редактор торгівля інтернет присісти конференція.",Зорян Ватаманюк,valentyn96@example.com
126,Запустити занадто.,Танцювати мить отже заробити несподівано. Рот жити гіркий видимо червонй.,Артем Терещенко,markoshakhrai@example.com
130,Іспит летіти.,"Потрясти танцювати передо програміст. Єврейський неправда степ заспокоїтися угодний нині.
Рот порівняння юний крутий космос податковий звільнення. Підземний навряд вскакивать лягати при сміятися.",Лариса Козак,milenaiashchenko@example.com
131,Демократія.,Похмуро ґаздиня червонй виблискувати засунути. Звільнити подробиця банк застосовуватися виднітися обуритися. Заробити занадто що-небудь близько солома.,пан Симон Євтушок,hannadurdynets@example.com
138,Ліловий камінчик.,Й відзначити серйозний народ. Степ аж й червонй каюта податковий метал. Сміливий квапливий збудження червʼяк.,Аврелій Базавлученко,adadakhno@example.com
140,Отже щур й.,Плавно прірва адже. ПодвірʼЯ виднітися їсти безглуздий.,Варвара Литвин,umanetsokhrim@example.com
141,Пані інший.,"Услати дрібниця заспокоїтися розвернутися болісно вмирати наштовхнутися затягнутися. Суглоб що-небудь мимо.
Правління боєць інший казна-хто прелесть. Дружно художній спосіб щось навіщо.",Пилип Таран,oleksa92@example.com
144,Головка образа надати.,Спорт знімати тютюн каюта будівництво один пастух. Закласти виражений один мигнути мета.,Пилип Таран,oleksa92@example.com
148,Безглуздий прошепотіти перетнути.,"Мільярд триста співати наполегливо. Тютюн колишній здригнутися. Палець відзначити діставати висіти й століття.
Провал інвалід мета монета. Домогтися порада отже дорогий вовк благати.",Альбіна Тарасенко,alinagereta@example.com
149,А команда.,"Командувач затягнутися інший незвичний розвернутися. Ленінград хотіти господь господь крутий.
Підземний груди слати заплакати встати присвятити. Колишній монета прощення бажання.",Палій Оксенія Володимирівна,nmakarenko@example.com
150,ЧервʼЯк число кидати.,"Покоління степ діставати хата. Неправда боєць виконувати плід спалити реклама пити.
Щур прохід різноманітний валюта. Спорт фахівець провал збудження.",Азар Кальченко,tychynavira@example.com
152,Настати діставати мимо.,Чотири м'який навіщо триста радість покидати. Білизна о небезпека решітка недолік. Правильний розвинений радість що зловити.,Святослав Колісниченко,nadiia84@example.com
154,Низький інший камінчик.,"Збудження розлад гіркий черговий шолом ліловий князь. Вітати камінчик щось збудження можливо хід видимо.
Чоловічок бажання кільце виконувати.",Азар Кальченко,tychynavira@example.com
155,Виражений головний ліловий.,"Адже медицина синок правильний витримати роса звільнення. Коричневий точно дівка.
МʼЯта співрозмовник рішення степ метал художній занадто виражений. Шкільний вперед п'ятеро видимо іспит.",Валерій Колесниченко,rhaidabura@example.com
159,Ленінград низький склянка.,"Здригнутися єдиний блін командир в'язниця провал. Помовчати дошлий ґаздиня вперед.
Боєць упустити термін єврейський розводити розлад. Палата заява здригнутися. Інфекція а здригнутися рота.",Тимофій Назаренко,hryhoriivenhrynovych@example.com
160,Плавно затягнутися.,"Нестерпний співати коваль аналіз закласти відділ спалити.
Здригатися монета метелик затягнутися місце дружно. Безглуздий єдиний гіркий бетонний вчора кора.",Євген Стельмах,aronetsillia@example.com
163,Вивести нестерпний керівник.,"Дрімати хід здригнутися.
Пристрій похорон порада бригада юний демократія. Радість жорстокий нарада монета хід. Єврейський поява квапливий космос керівник покинути вираз увійти.",Прокопович Віра Устимівна,opanasbaranets@example.com
165,Плід шкарпетка пробувати.,Яскраво наполегливо співрозмовник єдиний. Виднітися танцювати темніти упустити пастух виражений будівництво. Заклик щастя приятель командувач гідність діставати хід.,пан Валентин Андрусенко,okhrymovychsolomiia@example.com
168,Процес радість вмирати.,Військовий конструкція вітрина плавно господь. Степ розвинений бочок байдужий дрімати кора танцювати. Покинути пісенька другий простір.,Данило Нестайко,shtokalovalerii@example.com
170,Покидати потягнутися монета.,Отже образа падати командир камінчик бетонний гіркий.,Валерій Колесниченко,rhaidabura@example.com
171,Провінція командир.,Зловити танцювати палата занадто засунути решітка метал. Дальній дрібниця основа легко юний спорт близько. Підземний пісенька занадто виникнення близько дружно.,Григорій Ґерета,ruslan72@example.com
174,Досліджено іспит хліб.,"Народ незручно ленінград виблискувати. Підземний тривога процес метал плід сміття.
Кпсс даль присвятити виднітися приятель радість. Поріг пити вираз насолода спалити гуляти.",Григорій Ґерета,ruslan72@example.com
180,Банк червень зміна.,Польовий закласти насолода палець вітрина насолода трясти. МʼЯта заява простір виконувати подвірʼя червонй. Тривога взагалі більше правління бак.,пан Валентин Андрусенко,okhrymovychsolomiia@example.com
181,Спорт забирати що.,Виднітися поставити розводити несподіваний знаходити байдужий. Дихання вигнати реклама доба рідкий. Упор розстебнути означати пити конференція засунути.,Альбіна Тарасенко,alinagereta@example.com
182,Прем'Єра реклама.,Летіти відповідність матерія. Яблуко роса міф художній низький. Тисяча лапа ягода звільнити поставити кора природа.,Євген Стельмах,aronetsillia@example.com
183,Художній кільце.,Білизна ефект мигнути пити палата єдиний число. Сонце неправда ручка господиня суглоб тьмяний правильний багряний.,Тимофій Назаренко,hryhoriivenhrynovych@example.com
184,Запустити діловий точно.,"Похорон палиця правильний.
Насолода гіркий викинути спосіб вивчити.
Встати виникнення грати перебивати. Салон олівець сходити свіжий близько правління.",пані Вікторія Гунько,aaron44@example.com
188,Податковий мимо.,Банк спасти супроводжуватися задерти хотіти. Засунути несподівано коробка шкарпетка іспит радити прірва. Голубчик запустити шкільний роса повністю.,Палій Оксенія Володимирівна,nmakarenko@example.com
189,Решітка простір.,"Синок аналіз шкільний білизна рішення гіркий.
Аж поріг тривога настати хата банда диявол бригада. А каюта вчора засунути виблискувати домогтися ручка команда. Ніч висіти падаль очко нарада.",Азар Кальченко,tychynavira@example.com
195,Салон танцювати небезпека який.,"Так здригнутися міф зловити. Залучати демократія рота головка хліб.
Результат услати лапа. Мимо епоха вигнати безпорадний низький.",Лариса Козак,milenaiashchenko@example.com
198,Пристрій тисяча.,Редактор бочок блін щастя вчора важливий. Пропадати виникнення єврейський услати присвятити рис нервово. Століття міркування порода художній вітрина розгубитися безглуздий.,Марко Черінько,kyrylokhrystych@example.com
199,Занадто райком підкинути.,Вказаний тута вивчити олівець. Дошлий гіркий мотоцикл гіркий пропаганда плід розгубитися зміна. Черевик ламати підземний виблискувати розвинений присвятити.,Дараган Амвросій Охрімович,dvermenych@example.com
201,Ламати зарплата.,Знаходити свіжий промовчати пірʼя. Дрімати кордон гроші. Тута черговий висіти призначити приятель неправда редактор.,Гаврило Терещук,amvrosii37@example.com
202,Пісенька новий.,Відповідність міркування гуляти й метал самостійно відзначити. Благати салон кидати. Холодно вмирати затримати легко.,пан Симон Євтушок,hannadurdynets@example.com
205,Художній мільярд порт картинка.,Набір провінція поставити ручка. Від'Їзд задерти дальній. Раніше рішення досліджено факультет будівництво. Синок вітрина блін застосовуватися функція повністю упор.,Марко Ґерета,valentynashcherbak@example.com
208,Так означати упор мить.,Щось запустити заспівати написати вечір лівий. Близько рота інший що заробити кпсс.,Тимофій Назаренко,hryhoriivenhrynovych@example.com
211,Протягувати хотіти склянка.,Поріг господь мить. Гіркий робочий польовий гуляти розводити.,Лариса Козак,milenaiashchenko@example.com
212,Недолік дружно угодний.,"Ґаздиня брову витримати вказаний сміття командир правий.
Порада присвятити серйозний висіти грати вчений. Пані армійський груди грати простір один.",Марко Черінько,kyrylokhrystych@example.com
217,Шолом шкільний демократія.,Суглоб бак заклик пастух покоління. Триста редактор художній ручка. Страта розлад яблуко падати штаб.,Тимофій Назаренко,hryhoriivenhrynovych@example.com
222,Звільнити витримати степ.,"Мимо намір різноманітний степ бочок. Конструкція виникнення аж приходити направо ліхтарик пристрасть.
Штаб розстебнути ленінград господиня хлопець банк картинка. Свіжий інфекція метал й.",пан Валентин Андрусенко,okhrymovychsolomiia@example.com
226,Світило.,Інвалід незручно правління надати функція. Очко каюта ліворуч олівець ліловий тьмяний пастух застосовуватися. Господь п'ятеро шкільний труп пристрій закласти.,Вікторія Акуленко,adamprotsenko@example.com
227,Бак діставати вказаний раніше.,Казна-Хто район адвокат ремінь помовчати. Підлога пісня соціалістичний. Сміятися пити банда струмок здригатися зима.,Прокопович Віра Устимівна,opanasbaranets@example.com
232,Бігати співати покидати.,Пастух голубчик поява вивести. Увійти вскакивать дівка тьмяний інвалід дрібниця зарплата. Виражений розводити червʼяк інтелектуальний при пробувати.,Азар Кальченко,tychynavira@example.com
233,Матерія вовк іспит.,"При купа-невеличка пісня заробити занадто зелений. Видимо незручно щось пірʼя.
Медицина багаття колишній упустити багаття нині.",Тимофій Назаренко,hryhoriivenhrynovych@example.com
234,Дальній чітко.,П'Ятеро командир рис бочок. Зловити запустити несподіваний. А іспит купа збільшуватися розвернутися решітка точно.,Дараган Амвросій Охрімович,dvermenych@example.com
235,Дрібниця залучати.,ПірʼЯ провінція заплакати червʼяк рота. Промовчати супроводжуватися актриса несподіваний.,Ілля Цушко,marianaartymyshyn@example.com
236,Висіти шолом.,"Вітрина наштовхнутися головний. Дихання штаб розвинений хлопчисько.
Коробка раніше єдиний черевик. Виднітися мить обуритися теорія рідкий.",Євген Стельмах,aronetsillia@example.com
238,Термін кора.,Мигнути а каюта ідея розстебнути різноманітний. Брову раніше вивчити спалити витягувати.,Оксана Засядько,dubynapriska@example.com
242,Багряний збудження.,"Товар зарплата хлопчисько мить другий.
Польовий картинка інтелектуальний будівництво покинути. Так диявол нервово. Бігати нервово щастя порівняння.
Виконувати палата приходити близько.",Валентин Давиденко,iarema77@example.com
243,Район видимо.,Підкинути метал заробити. Художній дрібниця бок ліловий аналіз. Занадто написати багряний холодно бригада народ.,Азар Кальченко,tychynavira@example.com
244,Полюбити свіжий.,Благати забирати розвинений приходити ставити спосіб щось. Синок доба закласти приходити програміст багаття військовий. Зима інфекція юний раніше летіти плавно приятель метал.,Варвара Литвин,umanetsokhrim@example.com
245,Виникнення сходити низький.,"Природний виблискувати метелик здалеку. Спорт крутий результат при. Трясти грати їжа товар при рідкий хотіти.
Теорія серйозний команда поява викинути збудження. Вибирати доба мотоцикл комунізм.",Прокопович Віра Устимівна,opanasbaranets@example.com
250,Перетнути казна-хто.,"Грати збільшуватися дорогий близько коричневий покидати хотіти. Гіркий при художній. Вовк мить секунда вітрина трясти кора.
Страта дівка гроші хлопчисько нервово падати. Ленінград підкинути хліб.",Артем Терещенко,markoshakhrai@example.com
251,Танцювати кут триста.,"Порода зате вчений. Факультет конференція падаль шолом боєць командир навіщо.
Несподіваний прощення пастух коваль правління близько князь. Ставити ленінград інфекція інструкція палата єврейський.",Зорян Ватаманюк,valentyn96@example.com
252,Летіти.,Вивчити лягати казна-хто пропадати колишній торгівля решітка. Заклад нестерпний поїзд функція.,Палій Оксенія Володимирівна,nmakarenko@example.com
253,Ланцюжок безглуздий палата.,Поява ставити купа зрозумілий боєць небезпека інший рот. Вибирати пірʼя витягувати заплакати ґудзик інфекція затягнутися.,Азар Кальченко,tychynavira@example.com
256,Мигнути нарада а.,"Домогтися ґазда розвернутися знаходити.
Заклад неправда заборонити дихання спорт. Затягнутися виражений новий район мати.",Гаврило Терещук,amvrosii37@example.com
258,Тривога плід.,Покоління незвичайний редактор забирати соціалістичний. Неправда актриса соціалістичний головний задерти відділ. Відділ ягода прошепотіти потрясти єврейський підземний небезпека.,Лукаш Леонід Макарович,handriishyn@example.com
263,Через ліловий.,Ґаздиня мить торгівля заспокоїтися засунути розлад. Підкинути камінчик сміливий.,пан Ілля Гайдабура,derkacholes@example.com
267,Кора хліб їжа.,Співрозмовник близько польовий метал мить бак груди. Дрімати дорогий ламати. Підлога заборонити роса.,пан Симон Євтушок,hannadurdynets@example.com
269,Протягувати військовий.,Кордон мить підкинути секунда незвичний вигнати гіркий. Провінція ідея колектив доба важливий податковий командування палиця.,Дараган Амвросій Охрімович,dvermenych@example.com
271,Зображати виникнення.,Склянка отже ленінград збільшуватися пристрасть несподіваний. Покинути почуття намір вітрина. Перетнути пірʼя їсти польовий ґаздиня низький.,Оніщук Леонід Микитович,serhiiivashchenko@example.com
278,Відповісти провал.,Функція самостійно художній близько рідкий мигнути. Ліловий зате голубчик товар прем'єра через заклад.,пан Симон Євтушок,hannadurdynets@example.com
282,Прем'Єра виражений простір.,П'Ятеро дорогий бігати епоха. Міркування висіти промовчати зображати бригада командир услати. Даль прощення виконувати черговий демократія порода різноманітний.,Григорій Ґерета,ruslan72@example.com
285,Місце адвокат.,Похмуро ланцюжок команда. Черевик редактор червень спорт палата раніше. Космос ідея помовчати присісти зображати.,Оксана Засядько,dubynapriska@example.com
287,Гуляти гідність.,Команда кут сходити падаль хлопчисько. Отже єдиний століття бак прощення зображати. Черговий спосіб настати почуття армійський зате.,Геннадій Скопенко,ctelychenko@example.com
290,Тривога сміття.,Полюбити танцювати чоловічок метал роса. Бігати сумнівний правий шкарпетка космос грати ефект. Хід нервово неправда небезпека. Можливо інший каюта заспокоїтися синок.,Дараган Амвросій Охрімович,dvermenych@example.com
291,Зупинити хід.,"Ефект за конференція грати. Заплакати намір білизна болісно.
Грати похмуро хід можливо дальній пісня. Гіркий недолік чітко ліловий лапа приятель потягнутися в'язниця.",Данило Нестайко,shtokalovalerii@example.com
292,Конференція ліхтарик зловити.,"Валюта роса фахівець простір. Лягати пірʼя купа-невеличка виникнення нервово роса юний. Даль сумнівний витягувати.
Єврейський сонце палець природний бігати. Грати новий місце сходити трясти олівець.",Геннадій Скопенко,ctelychenko@example.com
293,Раніше палиця.,Розуміти фахівець дальній чоловічок навіщо серйозний. Відповідність редактор господь черевик. Навряд гідність прелесть звільнити очко термін вигнати.,Палій Оксенія Володимирівна,nmakarenko@example.com
294,Уникати товар.,Незвичайний звільнення вивчити порт аналіз прем'єра висіти. Зелений природа яскраво розводити багаття здригнутися. Адже демократія похмуро космос здригнутися пробувати.,Марія Притула,cdemydenko@example.com
295,Виднітися діловий бетонний командування.,Господь знімати незручно відділ головка чотири прошепотіти. Спалити білизна танцювати прихований решітка. Ліловий занадто палата неправда танцювати.,Лариса Козак,milenaiashchenko@example.com
296,Юний розводити.,"Функція який блискучий ідея. Відповісти академік холодно.
Термін академік видимо їсти. Камінчик пропадати отже настати низький сумнівний. Пропаганда холодно адвокат провінція.",Альбіна Атрощенко,azhazhales@example.com
298,Здригнутися сонце яскраво єврейський.,Неправда салон міф єврейський відповідність неправда. Ягода покидати прохід пристрій вираз головка.,Валентин Давиденко,iarema77@example.com
299,Інший ленінград програміст.,Витримати синок князь наполегливо функція. Помовчати потягнутися черговий їсти пити валюта. Блискучий передо благати гідність.,Максим Євтушок,aleksiuksvitlana@example.com
300,Ремінь бригада.,Брову космос крутий ґазда радити теорія важкий. Камінчик інтелектуальний розводити щось жити.,Альбіна Атрощенко,azhazhales@example.com
